URL,Online,All,Tasks,Credentials
http://80.66.79.86/joomla/Login.php,106,1617,12,0 
http://focustopbreed78d.com/ve83dkas2m/Login.php,107,24955,1,71413 
http://77.91.78.17/0jVu73d/Login.php,427,15243,3,68943 
http://45.9.74.80/0bjdn2Z/Login.php,24,481,0,1888 
http://193.201.9.43/plays/chapter/Login.php,159,1725,2,0 
http://5.75.139.35/so57Nst/Login.php,9222,62263,7,0 
http://185.215.113.204/g9TTnd3bS/Login.php,9,32681,15,0 
http://specialblue.in/dF30Hn4m/Login.php,85,14861,1,114604 
http://94.142.138.182/0jVu73d/Login.php,16,1094,6,5864 
http://hellomr.observer/7gjD0Vs3d/Login.php,36,22253,10,233761 
http://193.233.20.36/joomla/Login.php,9,3845,27,0 
http://soul-kissed.org/fjgD555c3/Login.php,NaN,NaN,NaN,NaN 
http://msupgrade.top/0bjdn2Z/Login.php,6,969,0,951 
http://77.91.78.118/u83mfdS2/Login.php,253,2447,4,0 
http://sertvs.com/8vcWxwwx3/Login.php,19,1491,0,4315 
http://212.118.43.106/dF30Hn4m/Login.php,17,1977,9,19286 
http://78.46.242.112/so57Nst/Login.php,9217,62263,7,0 
http://nestleservers.xyz/so57Nst/Login.php,154,1435,964,0 
http://rupeika.info/fjgD555c3/Login.php,NaN,NaN,NaN,NaN 
http://77.91.78.118/0jVu73d/Login.php,427,15243,3,68943 
http://77.91.124.242/games/category/Login.php,128,11966,0,0 
https://nestleservers.xyz/so57Nst/Login.php,154,1435,964,0 
http://antispam-screen.com/fjgD555c3/Login.php,NaN,NaN,NaN,NaN 
http://185.215.113.204/Lkb2dxj3/Login.php,4,7297,15,137 
http://77.73.134.27/n9kdjc3xSf/Login.php,172,12297,1,0 
http://193.233.20.29/games/category/Login.php,171,2040,2,0 
http://77.91.78.242/0bjdn2Z/Login.php,6,969,0,951 
http://specialblue.pm/dF30Hn4m/Login.php,90,835,1,1416 
http://77.91.124.207/plays/chapter/Login.php,201,7746,2,0 
http://88.218.60.230/Gb2dZz/Login.php,216,4276,2,0 
http://179.43.154.148/fjgD555c3/Login.php,NaN,NaN,NaN,NaN 
http://31.41.244.146/f5OknW/Login.php,136,10346,12,0 
http://77.73.134.15/dF30Hn4m/Login.php,0,6,3,161 
http://80.94.92.35/g9TTnd3bS/Login.php,4,1268,66,0 
