Prometei DGA Domain,Day of Validity
xinchaoabcdda.net,2023-03-01 
xinchaoabcdda.org,2023-03-01 
xinchaoabcdda.com,2023-03-01 
xinchaoabcddb.net,2023-03-01 
xinchaoabcddb.org,2023-03-01 
xinchaoabcddb.com,2023-03-01 
xinchaoabcddc.net,2023-03-01 
xinchaoabcddc.org,2023-03-01 
xinchaoabcddc.com,2023-03-01 
xinchaoabcddd.net,2023-03-01 
xinchaoabcddd.org,2023-03-01 
xinchaoabcddd.com,2023-03-01 
xinchaoabcdde.net,2023-03-01 
xinchaoabcdde.org,2023-03-01 
xinchaoabcdde.com,2023-03-01 
xinchaoabcddf.net,2023-03-01 
xinchaoabcddf.org,2023-03-01 
xinchaoabcddf.com,2023-03-01 
xinchaoabcddg.net,2023-03-01 
xinchaoabcddg.org,2023-03-01 
xinchaoabcddg.com,2023-03-01 
xinchaoabcddh.net,2023-03-01 
xinchaoabcddh.org,2023-03-01 
xinchaoabcddh.com,2023-03-01 
xinchaoabcddi.net,2023-03-01 
xinchaoabcddi.org,2023-03-01 
xinchaoabcddi.com,2023-03-01 
xinchaoabcddj.net,2023-03-01 
xinchaoabcddj.org,2023-03-01 
xinchaoabcddj.com,2023-03-01 
xinchaoabcddk.net,2023-03-01 
xinchaoabcddk.org,2023-03-01 
xinchaoabcddk.com,2023-03-01 
xinchaoabcddl.net,2023-03-01 
xinchaoabcddl.org,2023-03-01 
xinchaoabcddl.com,2023-03-01 
xinchaoabcddm.net,2023-03-01 
xinchaoabcddm.org,2023-03-01 
xinchaoabcddm.com,2023-03-01 
xinchaoabcddn.net,2023-03-01 
xinchaoabcddn.org,2023-03-01 
xinchaoabcddn.com,2023-03-01 
xinchaoabcddo.net,2023-03-01 
xinchaoabcddo.org,2023-03-01 
xinchaoabcddo.com,2023-03-01 
xinchaoabcddp.net,2023-03-01 
xinchaoabcddp.org,2023-03-01 
xinchaoabcddp.com,2023-03-01 
xinchaoaccdda.net,2023-03-02 
xinchaoaccdda.org,2023-03-02 
xinchaoaccdda.com,2023-03-02 
xinchaoaccddb.net,2023-03-02 
xinchaoaccddb.org,2023-03-02 
xinchaoaccddb.com,2023-03-02 
xinchaoaccddc.net,2023-03-02 
xinchaoaccddc.org,2023-03-02 
xinchaoaccddc.com,2023-03-02 
xinchaoaccddd.net,2023-03-02 
xinchaoaccddd.org,2023-03-02 
xinchaoaccddd.com,2023-03-02 
xinchaoaccdde.net,2023-03-02 
xinchaoaccdde.org,2023-03-02 
xinchaoaccdde.com,2023-03-02 
xinchaoaccddf.net,2023-03-02 
xinchaoaccddf.org,2023-03-02 
xinchaoaccddf.com,2023-03-02 
xinchaoaccddg.net,2023-03-02 
xinchaoaccddg.org,2023-03-02 
xinchaoaccddg.com,2023-03-02 
xinchaoaccddh.net,2023-03-02 
xinchaoaccddh.org,2023-03-02 
xinchaoaccddh.com,2023-03-02 
xinchaoaccddi.net,2023-03-02 
xinchaoaccddi.org,2023-03-02 
xinchaoaccddi.com,2023-03-02 
xinchaoaccddj.net,2023-03-02 
xinchaoaccddj.org,2023-03-02 
xinchaoaccddj.com,2023-03-02 
xinchaoaccddk.net,2023-03-02 
xinchaoaccddk.org,2023-03-02 
xinchaoaccddk.com,2023-03-02 
xinchaoaccddl.net,2023-03-02 
xinchaoaccddl.org,2023-03-02 
xinchaoaccddl.com,2023-03-02 
xinchaoaccddm.net,2023-03-02 
xinchaoaccddm.org,2023-03-02 
xinchaoaccddm.com,2023-03-02 
xinchaoaccddn.net,2023-03-02 
xinchaoaccddn.org,2023-03-02 
xinchaoaccddn.com,2023-03-02 
xinchaoaccddo.net,2023-03-02 
xinchaoaccddo.org,2023-03-02 
xinchaoaccddo.com,2023-03-02 
xinchaoaccddp.net,2023-03-02 
xinchaoaccddp.org,2023-03-02 
xinchaoaccddp.com,2023-03-02 
xinchaoadcdda.net,2023-03-03 
xinchaoadcdda.org,2023-03-03 
xinchaoadcdda.com,2023-03-03 
xinchaoadcddb.net,2023-03-03 
xinchaoadcddb.org,2023-03-03 
xinchaoadcddb.com,2023-03-03 
xinchaoadcddc.net,2023-03-03 
xinchaoadcddc.org,2023-03-03 
xinchaoadcddc.com,2023-03-03 
xinchaoadcddd.net,2023-03-03 
xinchaoadcddd.org,2023-03-03 
xinchaoadcddd.com,2023-03-03 
xinchaoadcdde.net,2023-03-03 
xinchaoadcdde.org,2023-03-03 
xinchaoadcdde.com,2023-03-03 
xinchaoadcddf.net,2023-03-03 
xinchaoadcddf.org,2023-03-03 
xinchaoadcddf.com,2023-03-03 
xinchaoadcddg.net,2023-03-03 
xinchaoadcddg.org,2023-03-03 
xinchaoadcddg.com,2023-03-03 
xinchaoadcddh.net,2023-03-03 
xinchaoadcddh.org,2023-03-03 
xinchaoadcddh.com,2023-03-03 
xinchaoadcddi.net,2023-03-03 
xinchaoadcddi.org,2023-03-03 
xinchaoadcddi.com,2023-03-03 
xinchaoadcddj.net,2023-03-03 
xinchaoadcddj.org,2023-03-03 
xinchaoadcddj.com,2023-03-03 
xinchaoadcddk.net,2023-03-03 
xinchaoadcddk.org,2023-03-03 
xinchaoadcddk.com,2023-03-03 
xinchaoadcddl.net,2023-03-03 
xinchaoadcddl.org,2023-03-03 
xinchaoadcddl.com,2023-03-03 
xinchaoadcddm.net,2023-03-03 
xinchaoadcddm.org,2023-03-03 
xinchaoadcddm.com,2023-03-03 
xinchaoadcddn.net,2023-03-03 
xinchaoadcddn.org,2023-03-03 
xinchaoadcddn.com,2023-03-03 
xinchaoadcddo.net,2023-03-03 
xinchaoadcddo.org,2023-03-03 
xinchaoadcddo.com,2023-03-03 
xinchaoadcddp.net,2023-03-03 
xinchaoadcddp.org,2023-03-03 
xinchaoadcddp.com,2023-03-03 
xinchaoaecdda.net,2023-03-04 
xinchaoaecdda.org,2023-03-04 
xinchaoaecdda.com,2023-03-04 
xinchaoaecddb.net,2023-03-04 
xinchaoaecddb.org,2023-03-04 
xinchaoaecddb.com,2023-03-04 
xinchaoaecddc.net,2023-03-04 
xinchaoaecddc.org,2023-03-04 
xinchaoaecddc.com,2023-03-04 
xinchaoaecddd.net,2023-03-04 
xinchaoaecddd.org,2023-03-04 
xinchaoaecddd.com,2023-03-04 
xinchaoaecdde.net,2023-03-04 
xinchaoaecdde.org,2023-03-04 
xinchaoaecdde.com,2023-03-04 
xinchaoaecddf.net,2023-03-04 
xinchaoaecddf.org,2023-03-04 
xinchaoaecddf.com,2023-03-04 
xinchaoaecddg.net,2023-03-04 
xinchaoaecddg.org,2023-03-04 
xinchaoaecddg.com,2023-03-04 
xinchaoaecddh.net,2023-03-04 
xinchaoaecddh.org,2023-03-04 
xinchaoaecddh.com,2023-03-04 
xinchaoaecddi.net,2023-03-04 
xinchaoaecddi.org,2023-03-04 
xinchaoaecddi.com,2023-03-04 
xinchaoaecddj.net,2023-03-04 
xinchaoaecddj.org,2023-03-04 
xinchaoaecddj.com,2023-03-04 
xinchaoaecddk.net,2023-03-04 
xinchaoaecddk.org,2023-03-04 
xinchaoaecddk.com,2023-03-04 
xinchaoaecddl.net,2023-03-04 
xinchaoaecddl.org,2023-03-04 
xinchaoaecddl.com,2023-03-04 
xinchaoaecddm.net,2023-03-04 
xinchaoaecddm.org,2023-03-04 
xinchaoaecddm.com,2023-03-04 
xinchaoaecddn.net,2023-03-04 
xinchaoaecddn.org,2023-03-04 
xinchaoaecddn.com,2023-03-04 
xinchaoaecddo.net,2023-03-04 
xinchaoaecddo.org,2023-03-04 
xinchaoaecddo.com,2023-03-04 
xinchaoaecddp.net,2023-03-04 
xinchaoaecddp.org,2023-03-04 
xinchaoaecddp.com,2023-03-04 
xinchaoafcdda.net,2023-03-05 
xinchaoafcdda.org,2023-03-05 
xinchaoafcdda.com,2023-03-05 
xinchaoafcddb.net,2023-03-05 
xinchaoafcddb.org,2023-03-05 
xinchaoafcddb.com,2023-03-05 
xinchaoafcddc.net,2023-03-05 
xinchaoafcddc.org,2023-03-05 
xinchaoafcddc.com,2023-03-05 
xinchaoafcddd.net,2023-03-05 
xinchaoafcddd.org,2023-03-05 
xinchaoafcddd.com,2023-03-05 
xinchaoafcdde.net,2023-03-05 
xinchaoafcdde.org,2023-03-05 
xinchaoafcdde.com,2023-03-05 
xinchaoafcddf.net,2023-03-05 
xinchaoafcddf.org,2023-03-05 
xinchaoafcddf.com,2023-03-05 
xinchaoafcddg.net,2023-03-05 
xinchaoafcddg.org,2023-03-05 
xinchaoafcddg.com,2023-03-05 
xinchaoafcddh.net,2023-03-05 
xinchaoafcddh.org,2023-03-05 
xinchaoafcddh.com,2023-03-05 
xinchaoafcddi.net,2023-03-05 
xinchaoafcddi.org,2023-03-05 
xinchaoafcddi.com,2023-03-05 
xinchaoafcddj.net,2023-03-05 
xinchaoafcddj.org,2023-03-05 
xinchaoafcddj.com,2023-03-05 
xinchaoafcddk.net,2023-03-05 
xinchaoafcddk.org,2023-03-05 
xinchaoafcddk.com,2023-03-05 
xinchaoafcddl.net,2023-03-05 
xinchaoafcddl.org,2023-03-05 
xinchaoafcddl.com,2023-03-05 
xinchaoafcddm.net,2023-03-05 
xinchaoafcddm.org,2023-03-05 
xinchaoafcddm.com,2023-03-05 
xinchaoafcddn.net,2023-03-05 
xinchaoafcddn.org,2023-03-05 
xinchaoafcddn.com,2023-03-05 
xinchaoafcddo.net,2023-03-05 
xinchaoafcddo.org,2023-03-05 
xinchaoafcddo.com,2023-03-05 
xinchaoafcddp.net,2023-03-05 
xinchaoafcddp.org,2023-03-05 
xinchaoafcddp.com,2023-03-05 
xinchaoagcdda.net,2023-03-06 
xinchaoagcdda.org,2023-03-06 
xinchaoagcdda.com,2023-03-06 
xinchaoagcddb.net,2023-03-06 
xinchaoagcddb.org,2023-03-06 
xinchaoagcddb.com,2023-03-06 
xinchaoagcddc.net,2023-03-06 
xinchaoagcddc.org,2023-03-06 
xinchaoagcddc.com,2023-03-06 
xinchaoagcddd.net,2023-03-06 
xinchaoagcddd.org,2023-03-06 
xinchaoagcddd.com,2023-03-06 
xinchaoagcdde.net,2023-03-06 
xinchaoagcdde.org,2023-03-06 
xinchaoagcdde.com,2023-03-06 
xinchaoagcddf.net,2023-03-06 
xinchaoagcddf.org,2023-03-06 
xinchaoagcddf.com,2023-03-06 
xinchaoagcddg.net,2023-03-06 
xinchaoagcddg.org,2023-03-06 
xinchaoagcddg.com,2023-03-06 
xinchaoagcddh.net,2023-03-06 
xinchaoagcddh.org,2023-03-06 
xinchaoagcddh.com,2023-03-06 
xinchaoagcddi.net,2023-03-06 
xinchaoagcddi.org,2023-03-06 
xinchaoagcddi.com,2023-03-06 
xinchaoagcddj.net,2023-03-06 
xinchaoagcddj.org,2023-03-06 
xinchaoagcddj.com,2023-03-06 
xinchaoagcddk.net,2023-03-06 
xinchaoagcddk.org,2023-03-06 
xinchaoagcddk.com,2023-03-06 
xinchaoagcddl.net,2023-03-06 
xinchaoagcddl.org,2023-03-06 
xinchaoagcddl.com,2023-03-06 
xinchaoagcddm.net,2023-03-06 
xinchaoagcddm.org,2023-03-06 
xinchaoagcddm.com,2023-03-06 
xinchaoagcddn.net,2023-03-06 
xinchaoagcddn.org,2023-03-06 
xinchaoagcddn.com,2023-03-06 
xinchaoagcddo.net,2023-03-06 
xinchaoagcddo.org,2023-03-06 
xinchaoagcddo.com,2023-03-06 
xinchaoagcddp.net,2023-03-06 
xinchaoagcddp.org,2023-03-06 
xinchaoagcddp.com,2023-03-06 
xinchaoahcdda.net,2023-03-07 
xinchaoahcdda.org,2023-03-07 
xinchaoahcdda.com,2023-03-07 
xinchaoahcddb.net,2023-03-07 
xinchaoahcddb.org,2023-03-07 
xinchaoahcddb.com,2023-03-07 
xinchaoahcddc.net,2023-03-07 
xinchaoahcddc.org,2023-03-07 
xinchaoahcddc.com,2023-03-07 
xinchaoahcddd.net,2023-03-07 
xinchaoahcddd.org,2023-03-07 
xinchaoahcddd.com,2023-03-07 
xinchaoahcdde.net,2023-03-07 
xinchaoahcdde.org,2023-03-07 
xinchaoahcdde.com,2023-03-07 
xinchaoahcddf.net,2023-03-07 
xinchaoahcddf.org,2023-03-07 
xinchaoahcddf.com,2023-03-07 
xinchaoahcddg.net,2023-03-07 
xinchaoahcddg.org,2023-03-07 
xinchaoahcddg.com,2023-03-07 
xinchaoahcddh.net,2023-03-07 
xinchaoahcddh.org,2023-03-07 
xinchaoahcddh.com,2023-03-07 
xinchaoahcddi.net,2023-03-07 
xinchaoahcddi.org,2023-03-07 
xinchaoahcddi.com,2023-03-07 
xinchaoahcddj.net,2023-03-07 
xinchaoahcddj.org,2023-03-07 
xinchaoahcddj.com,2023-03-07 
xinchaoahcddk.net,2023-03-07 
xinchaoahcddk.org,2023-03-07 
xinchaoahcddk.com,2023-03-07 
xinchaoahcddl.net,2023-03-07 
xinchaoahcddl.org,2023-03-07 
xinchaoahcddl.com,2023-03-07 
xinchaoahcddm.net,2023-03-07 
xinchaoahcddm.org,2023-03-07 
xinchaoahcddm.com,2023-03-07 
xinchaoahcddn.net,2023-03-07 
xinchaoahcddn.org,2023-03-07 
xinchaoahcddn.com,2023-03-07 
xinchaoahcddo.net,2023-03-07 
xinchaoahcddo.org,2023-03-07 
xinchaoahcddo.com,2023-03-07 
xinchaoahcddp.net,2023-03-07 
xinchaoahcddp.org,2023-03-07 
xinchaoahcddp.com,2023-03-07 
xinchaoaicdda.net,2023-03-08 
xinchaoaicdda.org,2023-03-08 
xinchaoaicdda.com,2023-03-08 
xinchaoaicddb.net,2023-03-08 
xinchaoaicddb.org,2023-03-08 
xinchaoaicddb.com,2023-03-08 
xinchaoaicddc.net,2023-03-08 
xinchaoaicddc.org,2023-03-08 
xinchaoaicddc.com,2023-03-08 
xinchaoaicddd.net,2023-03-08 
xinchaoaicddd.org,2023-03-08 
xinchaoaicddd.com,2023-03-08 
xinchaoaicdde.net,2023-03-08 
xinchaoaicdde.org,2023-03-08 
xinchaoaicdde.com,2023-03-08 
xinchaoaicddf.net,2023-03-08 
xinchaoaicddf.org,2023-03-08 
xinchaoaicddf.com,2023-03-08 
xinchaoaicddg.net,2023-03-08 
xinchaoaicddg.org,2023-03-08 
xinchaoaicddg.com,2023-03-08 
xinchaoaicddh.net,2023-03-08 
xinchaoaicddh.org,2023-03-08 
xinchaoaicddh.com,2023-03-08 
xinchaoaicddi.net,2023-03-08 
xinchaoaicddi.org,2023-03-08 
xinchaoaicddi.com,2023-03-08 
xinchaoaicddj.net,2023-03-08 
xinchaoaicddj.org,2023-03-08 
xinchaoaicddj.com,2023-03-08 
xinchaoaicddk.net,2023-03-08 
xinchaoaicddk.org,2023-03-08 
xinchaoaicddk.com,2023-03-08 
xinchaoaicddl.net,2023-03-08 
xinchaoaicddl.org,2023-03-08 
xinchaoaicddl.com,2023-03-08 
xinchaoaicddm.net,2023-03-08 
xinchaoaicddm.org,2023-03-08 
xinchaoaicddm.com,2023-03-08 
xinchaoaicddn.net,2023-03-08 
xinchaoaicddn.org,2023-03-08 
xinchaoaicddn.com,2023-03-08 
xinchaoaicddo.net,2023-03-08 
xinchaoaicddo.org,2023-03-08 
xinchaoaicddo.com,2023-03-08 
xinchaoaicddp.net,2023-03-08 
xinchaoaicddp.org,2023-03-08 
xinchaoaicddp.com,2023-03-08 
xinchaoajcdda.net,2023-03-09 
xinchaoajcdda.org,2023-03-09 
xinchaoajcdda.com,2023-03-09 
xinchaoajcddb.net,2023-03-09 
xinchaoajcddb.org,2023-03-09 
xinchaoajcddb.com,2023-03-09 
xinchaoajcddc.net,2023-03-09 
xinchaoajcddc.org,2023-03-09 
xinchaoajcddc.com,2023-03-09 
xinchaoajcddd.net,2023-03-09 
xinchaoajcddd.org,2023-03-09 
xinchaoajcddd.com,2023-03-09 
xinchaoajcdde.net,2023-03-09 
xinchaoajcdde.org,2023-03-09 
xinchaoajcdde.com,2023-03-09 
xinchaoajcddf.net,2023-03-09 
xinchaoajcddf.org,2023-03-09 
xinchaoajcddf.com,2023-03-09 
xinchaoajcddg.net,2023-03-09 
xinchaoajcddg.org,2023-03-09 
xinchaoajcddg.com,2023-03-09 
xinchaoajcddh.net,2023-03-09 
xinchaoajcddh.org,2023-03-09 
xinchaoajcddh.com,2023-03-09 
xinchaoajcddi.net,2023-03-09 
xinchaoajcddi.org,2023-03-09 
xinchaoajcddi.com,2023-03-09 
xinchaoajcddj.net,2023-03-09 
xinchaoajcddj.org,2023-03-09 
xinchaoajcddj.com,2023-03-09 
xinchaoajcddk.net,2023-03-09 
xinchaoajcddk.org,2023-03-09 
xinchaoajcddk.com,2023-03-09 
xinchaoajcddl.net,2023-03-09 
xinchaoajcddl.org,2023-03-09 
xinchaoajcddl.com,2023-03-09 
xinchaoajcddm.net,2023-03-09 
xinchaoajcddm.org,2023-03-09 
xinchaoajcddm.com,2023-03-09 
xinchaoajcddn.net,2023-03-09 
xinchaoajcddn.org,2023-03-09 
xinchaoajcddn.com,2023-03-09 
xinchaoajcddo.net,2023-03-09 
xinchaoajcddo.org,2023-03-09 
xinchaoajcddo.com,2023-03-09 
xinchaoajcddp.net,2023-03-09 
xinchaoajcddp.org,2023-03-09 
xinchaoajcddp.com,2023-03-09 
xinchaobacdda.net,2023-03-10 
xinchaobacdda.org,2023-03-10 
xinchaobacdda.com,2023-03-10 
xinchaobacddb.net,2023-03-10 
xinchaobacddb.org,2023-03-10 
xinchaobacddb.com,2023-03-10 
xinchaobacddc.net,2023-03-10 
xinchaobacddc.org,2023-03-10 
xinchaobacddc.com,2023-03-10 
xinchaobacddd.net,2023-03-10 
xinchaobacddd.org,2023-03-10 
xinchaobacddd.com,2023-03-10 
xinchaobacdde.net,2023-03-10 
xinchaobacdde.org,2023-03-10 
xinchaobacdde.com,2023-03-10 
xinchaobacddf.net,2023-03-10 
xinchaobacddf.org,2023-03-10 
xinchaobacddf.com,2023-03-10 
xinchaobacddg.net,2023-03-10 
xinchaobacddg.org,2023-03-10 
xinchaobacddg.com,2023-03-10 
xinchaobacddh.net,2023-03-10 
xinchaobacddh.org,2023-03-10 
xinchaobacddh.com,2023-03-10 
xinchaobacddi.net,2023-03-10 
xinchaobacddi.org,2023-03-10 
xinchaobacddi.com,2023-03-10 
xinchaobacddj.net,2023-03-10 
xinchaobacddj.org,2023-03-10 
xinchaobacddj.com,2023-03-10 
xinchaobacddk.net,2023-03-10 
xinchaobacddk.org,2023-03-10 
xinchaobacddk.com,2023-03-10 
xinchaobacddl.net,2023-03-10 
xinchaobacddl.org,2023-03-10 
xinchaobacddl.com,2023-03-10 
xinchaobacddm.net,2023-03-10 
xinchaobacddm.org,2023-03-10 
xinchaobacddm.com,2023-03-10 
xinchaobacddn.net,2023-03-10 
xinchaobacddn.org,2023-03-10 
xinchaobacddn.com,2023-03-10 
xinchaobacddo.net,2023-03-10 
xinchaobacddo.org,2023-03-10 
xinchaobacddo.com,2023-03-10 
xinchaobacddp.net,2023-03-10 
xinchaobacddp.org,2023-03-10 
xinchaobacddp.com,2023-03-10 
xinchaobbcdda.net,2023-03-11 
xinchaobbcdda.org,2023-03-11 
xinchaobbcdda.com,2023-03-11 
xinchaobbcddb.net,2023-03-11 
xinchaobbcddb.org,2023-03-11 
xinchaobbcddb.com,2023-03-11 
xinchaobbcddc.net,2023-03-11 
xinchaobbcddc.org,2023-03-11 
xinchaobbcddc.com,2023-03-11 
xinchaobbcddd.net,2023-03-11 
xinchaobbcddd.org,2023-03-11 
xinchaobbcddd.com,2023-03-11 
xinchaobbcdde.net,2023-03-11 
xinchaobbcdde.org,2023-03-11 
xinchaobbcdde.com,2023-03-11 
xinchaobbcddf.net,2023-03-11 
xinchaobbcddf.org,2023-03-11 
xinchaobbcddf.com,2023-03-11 
xinchaobbcddg.net,2023-03-11 
xinchaobbcddg.org,2023-03-11 
xinchaobbcddg.com,2023-03-11 
xinchaobbcddh.net,2023-03-11 
xinchaobbcddh.org,2023-03-11 
xinchaobbcddh.com,2023-03-11 
xinchaobbcddi.net,2023-03-11 
xinchaobbcddi.org,2023-03-11 
xinchaobbcddi.com,2023-03-11 
xinchaobbcddj.net,2023-03-11 
xinchaobbcddj.org,2023-03-11 
xinchaobbcddj.com,2023-03-11 
xinchaobbcddk.net,2023-03-11 
xinchaobbcddk.org,2023-03-11 
xinchaobbcddk.com,2023-03-11 
xinchaobbcddl.net,2023-03-11 
xinchaobbcddl.org,2023-03-11 
xinchaobbcddl.com,2023-03-11 
xinchaobbcddm.net,2023-03-11 
xinchaobbcddm.org,2023-03-11 
xinchaobbcddm.com,2023-03-11 
xinchaobbcddn.net,2023-03-11 
xinchaobbcddn.org,2023-03-11 
xinchaobbcddn.com,2023-03-11 
xinchaobbcddo.net,2023-03-11 
xinchaobbcddo.org,2023-03-11 
xinchaobbcddo.com,2023-03-11 
xinchaobbcddp.net,2023-03-11 
xinchaobbcddp.org,2023-03-11 
xinchaobbcddp.com,2023-03-11 
xinchaobccdda.net,2023-03-12 
xinchaobccdda.org,2023-03-12 
xinchaobccdda.com,2023-03-12 
xinchaobccddb.net,2023-03-12 
xinchaobccddb.org,2023-03-12 
xinchaobccddb.com,2023-03-12 
xinchaobccddc.net,2023-03-12 
xinchaobccddc.org,2023-03-12 
xinchaobccddc.com,2023-03-12 
xinchaobccddd.net,2023-03-12 
xinchaobccddd.org,2023-03-12 
xinchaobccddd.com,2023-03-12 
xinchaobccdde.net,2023-03-12 
xinchaobccdde.org,2023-03-12 
xinchaobccdde.com,2023-03-12 
xinchaobccddf.net,2023-03-12 
xinchaobccddf.org,2023-03-12 
xinchaobccddf.com,2023-03-12 
xinchaobccddg.net,2023-03-12 
xinchaobccddg.org,2023-03-12 
xinchaobccddg.com,2023-03-12 
xinchaobccddh.net,2023-03-12 
xinchaobccddh.org,2023-03-12 
xinchaobccddh.com,2023-03-12 
xinchaobccddi.net,2023-03-12 
xinchaobccddi.org,2023-03-12 
xinchaobccddi.com,2023-03-12 
xinchaobccddj.net,2023-03-12 
xinchaobccddj.org,2023-03-12 
xinchaobccddj.com,2023-03-12 
xinchaobccddk.net,2023-03-12 
xinchaobccddk.org,2023-03-12 
xinchaobccddk.com,2023-03-12 
xinchaobccddl.net,2023-03-12 
xinchaobccddl.org,2023-03-12 
xinchaobccddl.com,2023-03-12 
xinchaobccddm.net,2023-03-12 
xinchaobccddm.org,2023-03-12 
xinchaobccddm.com,2023-03-12 
xinchaobccddn.net,2023-03-12 
xinchaobccddn.org,2023-03-12 
xinchaobccddn.com,2023-03-12 
xinchaobccddo.net,2023-03-12 
xinchaobccddo.org,2023-03-12 
xinchaobccddo.com,2023-03-12 
xinchaobccddp.net,2023-03-12 
xinchaobccddp.org,2023-03-12 
xinchaobccddp.com,2023-03-12 
xinchaobdcdda.net,2023-03-13 
xinchaobdcdda.org,2023-03-13 
xinchaobdcdda.com,2023-03-13 
xinchaobdcddb.net,2023-03-13 
xinchaobdcddb.org,2023-03-13 
xinchaobdcddb.com,2023-03-13 
xinchaobdcddc.net,2023-03-13 
xinchaobdcddc.org,2023-03-13 
xinchaobdcddc.com,2023-03-13 
xinchaobdcddd.net,2023-03-13 
xinchaobdcddd.org,2023-03-13 
xinchaobdcddd.com,2023-03-13 
xinchaobdcdde.net,2023-03-13 
xinchaobdcdde.org,2023-03-13 
xinchaobdcdde.com,2023-03-13 
xinchaobdcddf.net,2023-03-13 
xinchaobdcddf.org,2023-03-13 
xinchaobdcddf.com,2023-03-13 
xinchaobdcddg.net,2023-03-13 
xinchaobdcddg.org,2023-03-13 
xinchaobdcddg.com,2023-03-13 
xinchaobdcddh.net,2023-03-13 
xinchaobdcddh.org,2023-03-13 
xinchaobdcddh.com,2023-03-13 
xinchaobdcddi.net,2023-03-13 
xinchaobdcddi.org,2023-03-13 
xinchaobdcddi.com,2023-03-13 
xinchaobdcddj.net,2023-03-13 
xinchaobdcddj.org,2023-03-13 
xinchaobdcddj.com,2023-03-13 
xinchaobdcddk.net,2023-03-13 
xinchaobdcddk.org,2023-03-13 
xinchaobdcddk.com,2023-03-13 
xinchaobdcddl.net,2023-03-13 
xinchaobdcddl.org,2023-03-13 
xinchaobdcddl.com,2023-03-13 
xinchaobdcddm.net,2023-03-13 
xinchaobdcddm.org,2023-03-13 
xinchaobdcddm.com,2023-03-13 
xinchaobdcddn.net,2023-03-13 
xinchaobdcddn.org,2023-03-13 
xinchaobdcddn.com,2023-03-13 
xinchaobdcddo.net,2023-03-13 
xinchaobdcddo.org,2023-03-13 
xinchaobdcddo.com,2023-03-13 
xinchaobdcddp.net,2023-03-13 
xinchaobdcddp.org,2023-03-13 
xinchaobdcddp.com,2023-03-13 
xinchaobecdda.net,2023-03-14 
xinchaobecdda.org,2023-03-14 
xinchaobecdda.com,2023-03-14 
xinchaobecddb.net,2023-03-14 
xinchaobecddb.org,2023-03-14 
xinchaobecddb.com,2023-03-14 
xinchaobecddc.net,2023-03-14 
xinchaobecddc.org,2023-03-14 
xinchaobecddc.com,2023-03-14 
xinchaobecddd.net,2023-03-14 
xinchaobecddd.org,2023-03-14 
xinchaobecddd.com,2023-03-14 
xinchaobecdde.net,2023-03-14 
xinchaobecdde.org,2023-03-14 
xinchaobecdde.com,2023-03-14 
xinchaobecddf.net,2023-03-14 
xinchaobecddf.org,2023-03-14 
xinchaobecddf.com,2023-03-14 
xinchaobecddg.net,2023-03-14 
xinchaobecddg.org,2023-03-14 
xinchaobecddg.com,2023-03-14 
xinchaobecddh.net,2023-03-14 
xinchaobecddh.org,2023-03-14 
xinchaobecddh.com,2023-03-14 
xinchaobecddi.net,2023-03-14 
xinchaobecddi.org,2023-03-14 
xinchaobecddi.com,2023-03-14 
xinchaobecddj.net,2023-03-14 
xinchaobecddj.org,2023-03-14 
xinchaobecddj.com,2023-03-14 
xinchaobecddk.net,2023-03-14 
xinchaobecddk.org,2023-03-14 
xinchaobecddk.com,2023-03-14 
xinchaobecddl.net,2023-03-14 
xinchaobecddl.org,2023-03-14 
xinchaobecddl.com,2023-03-14 
xinchaobecddm.net,2023-03-14 
xinchaobecddm.org,2023-03-14 
xinchaobecddm.com,2023-03-14 
xinchaobecddn.net,2023-03-14 
xinchaobecddn.org,2023-03-14 
xinchaobecddn.com,2023-03-14 
xinchaobecddo.net,2023-03-14 
xinchaobecddo.org,2023-03-14 
xinchaobecddo.com,2023-03-14 
xinchaobecddp.net,2023-03-14 
xinchaobecddp.org,2023-03-14 
xinchaobecddp.com,2023-03-14 
xinchaobfcdda.net,2023-03-15 
xinchaobfcdda.org,2023-03-15 
xinchaobfcdda.com,2023-03-15 
xinchaobfcddb.net,2023-03-15 
xinchaobfcddb.org,2023-03-15 
xinchaobfcddb.com,2023-03-15 
xinchaobfcddc.net,2023-03-15 
xinchaobfcddc.org,2023-03-15 
xinchaobfcddc.com,2023-03-15 
xinchaobfcddd.net,2023-03-15 
xinchaobfcddd.org,2023-03-15 
xinchaobfcddd.com,2023-03-15 
xinchaobfcdde.net,2023-03-15 
xinchaobfcdde.org,2023-03-15 
xinchaobfcdde.com,2023-03-15 
xinchaobfcddf.net,2023-03-15 
xinchaobfcddf.org,2023-03-15 
xinchaobfcddf.com,2023-03-15 
xinchaobfcddg.net,2023-03-15 
xinchaobfcddg.org,2023-03-15 
xinchaobfcddg.com,2023-03-15 
xinchaobfcddh.net,2023-03-15 
xinchaobfcddh.org,2023-03-15 
xinchaobfcddh.com,2023-03-15 
xinchaobfcddi.net,2023-03-15 
xinchaobfcddi.org,2023-03-15 
xinchaobfcddi.com,2023-03-15 
xinchaobfcddj.net,2023-03-15 
xinchaobfcddj.org,2023-03-15 
xinchaobfcddj.com,2023-03-15 
xinchaobfcddk.net,2023-03-15 
xinchaobfcddk.org,2023-03-15 
xinchaobfcddk.com,2023-03-15 
xinchaobfcddl.net,2023-03-15 
xinchaobfcddl.org,2023-03-15 
xinchaobfcddl.com,2023-03-15 
xinchaobfcddm.net,2023-03-15 
xinchaobfcddm.org,2023-03-15 
xinchaobfcddm.com,2023-03-15 
xinchaobfcddn.net,2023-03-15 
xinchaobfcddn.org,2023-03-15 
xinchaobfcddn.com,2023-03-15 
xinchaobfcddo.net,2023-03-15 
xinchaobfcddo.org,2023-03-15 
xinchaobfcddo.com,2023-03-15 
xinchaobfcddp.net,2023-03-15 
xinchaobfcddp.org,2023-03-15 
xinchaobfcddp.com,2023-03-15 
xinchaobgcdda.net,2023-03-16 
xinchaobgcdda.org,2023-03-16 
xinchaobgcdda.com,2023-03-16 
xinchaobgcddb.net,2023-03-16 
xinchaobgcddb.org,2023-03-16 
xinchaobgcddb.com,2023-03-16 
xinchaobgcddc.net,2023-03-16 
xinchaobgcddc.org,2023-03-16 
xinchaobgcddc.com,2023-03-16 
xinchaobgcddd.net,2023-03-16 
xinchaobgcddd.org,2023-03-16 
xinchaobgcddd.com,2023-03-16 
xinchaobgcdde.net,2023-03-16 
xinchaobgcdde.org,2023-03-16 
xinchaobgcdde.com,2023-03-16 
xinchaobgcddf.net,2023-03-16 
xinchaobgcddf.org,2023-03-16 
xinchaobgcddf.com,2023-03-16 
xinchaobgcddg.net,2023-03-16 
xinchaobgcddg.org,2023-03-16 
xinchaobgcddg.com,2023-03-16 
xinchaobgcddh.net,2023-03-16 
xinchaobgcddh.org,2023-03-16 
xinchaobgcddh.com,2023-03-16 
xinchaobgcddi.net,2023-03-16 
xinchaobgcddi.org,2023-03-16 
xinchaobgcddi.com,2023-03-16 
xinchaobgcddj.net,2023-03-16 
xinchaobgcddj.org,2023-03-16 
xinchaobgcddj.com,2023-03-16 
xinchaobgcddk.net,2023-03-16 
xinchaobgcddk.org,2023-03-16 
xinchaobgcddk.com,2023-03-16 
xinchaobgcddl.net,2023-03-16 
xinchaobgcddl.org,2023-03-16 
xinchaobgcddl.com,2023-03-16 
xinchaobgcddm.net,2023-03-16 
xinchaobgcddm.org,2023-03-16 
xinchaobgcddm.com,2023-03-16 
xinchaobgcddn.net,2023-03-16 
xinchaobgcddn.org,2023-03-16 
xinchaobgcddn.com,2023-03-16 
xinchaobgcddo.net,2023-03-16 
xinchaobgcddo.org,2023-03-16 
xinchaobgcddo.com,2023-03-16 
xinchaobgcddp.net,2023-03-16 
xinchaobgcddp.org,2023-03-16 
xinchaobgcddp.com,2023-03-16 
xinchaobhcdda.net,2023-03-17 
xinchaobhcdda.org,2023-03-17 
xinchaobhcdda.com,2023-03-17 
xinchaobhcddb.net,2023-03-17 
xinchaobhcddb.org,2023-03-17 
xinchaobhcddb.com,2023-03-17 
xinchaobhcddc.net,2023-03-17 
xinchaobhcddc.org,2023-03-17 
xinchaobhcddc.com,2023-03-17 
xinchaobhcddd.net,2023-03-17 
xinchaobhcddd.org,2023-03-17 
xinchaobhcddd.com,2023-03-17 
xinchaobhcdde.net,2023-03-17 
xinchaobhcdde.org,2023-03-17 
xinchaobhcdde.com,2023-03-17 
xinchaobhcddf.net,2023-03-17 
xinchaobhcddf.org,2023-03-17 
xinchaobhcddf.com,2023-03-17 
xinchaobhcddg.net,2023-03-17 
xinchaobhcddg.org,2023-03-17 
xinchaobhcddg.com,2023-03-17 
xinchaobhcddh.net,2023-03-17 
xinchaobhcddh.org,2023-03-17 
xinchaobhcddh.com,2023-03-17 
xinchaobhcddi.net,2023-03-17 
xinchaobhcddi.org,2023-03-17 
xinchaobhcddi.com,2023-03-17 
xinchaobhcddj.net,2023-03-17 
xinchaobhcddj.org,2023-03-17 
xinchaobhcddj.com,2023-03-17 
xinchaobhcddk.net,2023-03-17 
xinchaobhcddk.org,2023-03-17 
xinchaobhcddk.com,2023-03-17 
xinchaobhcddl.net,2023-03-17 
xinchaobhcddl.org,2023-03-17 
xinchaobhcddl.com,2023-03-17 
xinchaobhcddm.net,2023-03-17 
xinchaobhcddm.org,2023-03-17 
xinchaobhcddm.com,2023-03-17 
xinchaobhcddn.net,2023-03-17 
xinchaobhcddn.org,2023-03-17 
xinchaobhcddn.com,2023-03-17 
xinchaobhcddo.net,2023-03-17 
xinchaobhcddo.org,2023-03-17 
xinchaobhcddo.com,2023-03-17 
xinchaobhcddp.net,2023-03-17 
xinchaobhcddp.org,2023-03-17 
xinchaobhcddp.com,2023-03-17 
xinchaobicdda.net,2023-03-18 
xinchaobicdda.org,2023-03-18 
xinchaobicdda.com,2023-03-18 
xinchaobicddb.net,2023-03-18 
xinchaobicddb.org,2023-03-18 
xinchaobicddb.com,2023-03-18 
xinchaobicddc.net,2023-03-18 
xinchaobicddc.org,2023-03-18 
xinchaobicddc.com,2023-03-18 
xinchaobicddd.net,2023-03-18 
xinchaobicddd.org,2023-03-18 
xinchaobicddd.com,2023-03-18 
xinchaobicdde.net,2023-03-18 
xinchaobicdde.org,2023-03-18 
xinchaobicdde.com,2023-03-18 
xinchaobicddf.net,2023-03-18 
xinchaobicddf.org,2023-03-18 
xinchaobicddf.com,2023-03-18 
xinchaobicddg.net,2023-03-18 
xinchaobicddg.org,2023-03-18 
xinchaobicddg.com,2023-03-18 
xinchaobicddh.net,2023-03-18 
xinchaobicddh.org,2023-03-18 
xinchaobicddh.com,2023-03-18 
xinchaobicddi.net,2023-03-18 
xinchaobicddi.org,2023-03-18 
xinchaobicddi.com,2023-03-18 
xinchaobicddj.net,2023-03-18 
xinchaobicddj.org,2023-03-18 
xinchaobicddj.com,2023-03-18 
xinchaobicddk.net,2023-03-18 
xinchaobicddk.org,2023-03-18 
xinchaobicddk.com,2023-03-18 
xinchaobicddl.net,2023-03-18 
xinchaobicddl.org,2023-03-18 
xinchaobicddl.com,2023-03-18 
xinchaobicddm.net,2023-03-18 
xinchaobicddm.org,2023-03-18 
xinchaobicddm.com,2023-03-18 
xinchaobicddn.net,2023-03-18 
xinchaobicddn.org,2023-03-18 
xinchaobicddn.com,2023-03-18 
xinchaobicddo.net,2023-03-18 
xinchaobicddo.org,2023-03-18 
xinchaobicddo.com,2023-03-18 
xinchaobicddp.net,2023-03-18 
xinchaobicddp.org,2023-03-18 
xinchaobicddp.com,2023-03-18 
xinchaobjcdda.net,2023-03-19 
xinchaobjcdda.org,2023-03-19 
xinchaobjcdda.com,2023-03-19 
xinchaobjcddb.net,2023-03-19 
xinchaobjcddb.org,2023-03-19 
xinchaobjcddb.com,2023-03-19 
xinchaobjcddc.net,2023-03-19 
xinchaobjcddc.org,2023-03-19 
xinchaobjcddc.com,2023-03-19 
xinchaobjcddd.net,2023-03-19 
xinchaobjcddd.org,2023-03-19 
xinchaobjcddd.com,2023-03-19 
xinchaobjcdde.net,2023-03-19 
xinchaobjcdde.org,2023-03-19 
xinchaobjcdde.com,2023-03-19 
xinchaobjcddf.net,2023-03-19 
xinchaobjcddf.org,2023-03-19 
xinchaobjcddf.com,2023-03-19 
xinchaobjcddg.net,2023-03-19 
xinchaobjcddg.org,2023-03-19 
xinchaobjcddg.com,2023-03-19 
xinchaobjcddh.net,2023-03-19 
xinchaobjcddh.org,2023-03-19 
xinchaobjcddh.com,2023-03-19 
xinchaobjcddi.net,2023-03-19 
xinchaobjcddi.org,2023-03-19 
xinchaobjcddi.com,2023-03-19 
xinchaobjcddj.net,2023-03-19 
xinchaobjcddj.org,2023-03-19 
xinchaobjcddj.com,2023-03-19 
xinchaobjcddk.net,2023-03-19 
xinchaobjcddk.org,2023-03-19 
xinchaobjcddk.com,2023-03-19 
xinchaobjcddl.net,2023-03-19 
xinchaobjcddl.org,2023-03-19 
xinchaobjcddl.com,2023-03-19 
xinchaobjcddm.net,2023-03-19 
xinchaobjcddm.org,2023-03-19 
xinchaobjcddm.com,2023-03-19 
xinchaobjcddn.net,2023-03-19 
xinchaobjcddn.org,2023-03-19 
xinchaobjcddn.com,2023-03-19 
xinchaobjcddo.net,2023-03-19 
xinchaobjcddo.org,2023-03-19 
xinchaobjcddo.com,2023-03-19 
xinchaobjcddp.net,2023-03-19 
xinchaobjcddp.org,2023-03-19 
xinchaobjcddp.com,2023-03-19 
xinchaocacdda.net,2023-03-20 
xinchaocacdda.org,2023-03-20 
xinchaocacdda.com,2023-03-20 
xinchaocacddb.net,2023-03-20 
xinchaocacddb.org,2023-03-20 
xinchaocacddb.com,2023-03-20 
xinchaocacddc.net,2023-03-20 
xinchaocacddc.org,2023-03-20 
xinchaocacddc.com,2023-03-20 
xinchaocacddd.net,2023-03-20 
xinchaocacddd.org,2023-03-20 
xinchaocacddd.com,2023-03-20 
xinchaocacdde.net,2023-03-20 
xinchaocacdde.org,2023-03-20 
xinchaocacdde.com,2023-03-20 
xinchaocacddf.net,2023-03-20 
xinchaocacddf.org,2023-03-20 
xinchaocacddf.com,2023-03-20 
xinchaocacddg.net,2023-03-20 
xinchaocacddg.org,2023-03-20 
xinchaocacddg.com,2023-03-20 
xinchaocacddh.net,2023-03-20 
xinchaocacddh.org,2023-03-20 
xinchaocacddh.com,2023-03-20 
xinchaocacddi.net,2023-03-20 
xinchaocacddi.org,2023-03-20 
xinchaocacddi.com,2023-03-20 
xinchaocacddj.net,2023-03-20 
xinchaocacddj.org,2023-03-20 
xinchaocacddj.com,2023-03-20 
xinchaocacddk.net,2023-03-20 
xinchaocacddk.org,2023-03-20 
xinchaocacddk.com,2023-03-20 
xinchaocacddl.net,2023-03-20 
xinchaocacddl.org,2023-03-20 
xinchaocacddl.com,2023-03-20 
xinchaocacddm.net,2023-03-20 
xinchaocacddm.org,2023-03-20 
xinchaocacddm.com,2023-03-20 
xinchaocacddn.net,2023-03-20 
xinchaocacddn.org,2023-03-20 
xinchaocacddn.com,2023-03-20 
xinchaocacddo.net,2023-03-20 
xinchaocacddo.org,2023-03-20 
xinchaocacddo.com,2023-03-20 
xinchaocacddp.net,2023-03-20 
xinchaocacddp.org,2023-03-20 
xinchaocacddp.com,2023-03-20 
xinchaocbcdda.net,2023-03-21 
xinchaocbcdda.org,2023-03-21 
xinchaocbcdda.com,2023-03-21 
xinchaocbcddb.net,2023-03-21 
xinchaocbcddb.org,2023-03-21 
xinchaocbcddb.com,2023-03-21 
xinchaocbcddc.net,2023-03-21 
xinchaocbcddc.org,2023-03-21 
xinchaocbcddc.com,2023-03-21 
xinchaocbcddd.net,2023-03-21 
xinchaocbcddd.org,2023-03-21 
xinchaocbcddd.com,2023-03-21 
xinchaocbcdde.net,2023-03-21 
xinchaocbcdde.org,2023-03-21 
xinchaocbcdde.com,2023-03-21 
xinchaocbcddf.net,2023-03-21 
xinchaocbcddf.org,2023-03-21 
xinchaocbcddf.com,2023-03-21 
xinchaocbcddg.net,2023-03-21 
xinchaocbcddg.org,2023-03-21 
xinchaocbcddg.com,2023-03-21 
xinchaocbcddh.net,2023-03-21 
xinchaocbcddh.org,2023-03-21 
xinchaocbcddh.com,2023-03-21 
xinchaocbcddi.net,2023-03-21 
xinchaocbcddi.org,2023-03-21 
xinchaocbcddi.com,2023-03-21 
xinchaocbcddj.net,2023-03-21 
xinchaocbcddj.org,2023-03-21 
xinchaocbcddj.com,2023-03-21 
xinchaocbcddk.net,2023-03-21 
xinchaocbcddk.org,2023-03-21 
xinchaocbcddk.com,2023-03-21 
xinchaocbcddl.net,2023-03-21 
xinchaocbcddl.org,2023-03-21 
xinchaocbcddl.com,2023-03-21 
xinchaocbcddm.net,2023-03-21 
xinchaocbcddm.org,2023-03-21 
xinchaocbcddm.com,2023-03-21 
xinchaocbcddn.net,2023-03-21 
xinchaocbcddn.org,2023-03-21 
xinchaocbcddn.com,2023-03-21 
xinchaocbcddo.net,2023-03-21 
xinchaocbcddo.org,2023-03-21 
xinchaocbcddo.com,2023-03-21 
xinchaocbcddp.net,2023-03-21 
xinchaocbcddp.org,2023-03-21 
xinchaocbcddp.com,2023-03-21 
xinchaocccdda.net,2023-03-22 
xinchaocccdda.org,2023-03-22 
xinchaocccdda.com,2023-03-22 
xinchaocccddb.net,2023-03-22 
xinchaocccddb.org,2023-03-22 
xinchaocccddb.com,2023-03-22 
xinchaocccddc.net,2023-03-22 
xinchaocccddc.org,2023-03-22 
xinchaocccddc.com,2023-03-22 
xinchaocccddd.net,2023-03-22 
xinchaocccddd.org,2023-03-22 
xinchaocccddd.com,2023-03-22 
xinchaocccdde.net,2023-03-22 
xinchaocccdde.org,2023-03-22 
xinchaocccdde.com,2023-03-22 
xinchaocccddf.net,2023-03-22 
xinchaocccddf.org,2023-03-22 
xinchaocccddf.com,2023-03-22 
xinchaocccddg.net,2023-03-22 
xinchaocccddg.org,2023-03-22 
xinchaocccddg.com,2023-03-22 
xinchaocccddh.net,2023-03-22 
xinchaocccddh.org,2023-03-22 
xinchaocccddh.com,2023-03-22 
xinchaocccddi.net,2023-03-22 
xinchaocccddi.org,2023-03-22 
xinchaocccddi.com,2023-03-22 
xinchaocccddj.net,2023-03-22 
xinchaocccddj.org,2023-03-22 
xinchaocccddj.com,2023-03-22 
xinchaocccddk.net,2023-03-22 
xinchaocccddk.org,2023-03-22 
xinchaocccddk.com,2023-03-22 
xinchaocccddl.net,2023-03-22 
xinchaocccddl.org,2023-03-22 
xinchaocccddl.com,2023-03-22 
xinchaocccddm.net,2023-03-22 
xinchaocccddm.org,2023-03-22 
xinchaocccddm.com,2023-03-22 
xinchaocccddn.net,2023-03-22 
xinchaocccddn.org,2023-03-22 
xinchaocccddn.com,2023-03-22 
xinchaocccddo.net,2023-03-22 
xinchaocccddo.org,2023-03-22 
xinchaocccddo.com,2023-03-22 
xinchaocccddp.net,2023-03-22 
xinchaocccddp.org,2023-03-22 
xinchaocccddp.com,2023-03-22 
xinchaocdcdda.net,2023-03-23 
xinchaocdcdda.org,2023-03-23 
xinchaocdcdda.com,2023-03-23 
xinchaocdcddb.net,2023-03-23 
xinchaocdcddb.org,2023-03-23 
xinchaocdcddb.com,2023-03-23 
xinchaocdcddc.net,2023-03-23 
xinchaocdcddc.org,2023-03-23 
xinchaocdcddc.com,2023-03-23 
xinchaocdcddd.net,2023-03-23 
xinchaocdcddd.org,2023-03-23 
xinchaocdcddd.com,2023-03-23 
xinchaocdcdde.net,2023-03-23 
xinchaocdcdde.org,2023-03-23 
xinchaocdcdde.com,2023-03-23 
xinchaocdcddf.net,2023-03-23 
xinchaocdcddf.org,2023-03-23 
xinchaocdcddf.com,2023-03-23 
xinchaocdcddg.net,2023-03-23 
xinchaocdcddg.org,2023-03-23 
xinchaocdcddg.com,2023-03-23 
xinchaocdcddh.net,2023-03-23 
xinchaocdcddh.org,2023-03-23 
xinchaocdcddh.com,2023-03-23 
xinchaocdcddi.net,2023-03-23 
xinchaocdcddi.org,2023-03-23 
xinchaocdcddi.com,2023-03-23 
xinchaocdcddj.net,2023-03-23 
xinchaocdcddj.org,2023-03-23 
xinchaocdcddj.com,2023-03-23 
xinchaocdcddk.net,2023-03-23 
xinchaocdcddk.org,2023-03-23 
xinchaocdcddk.com,2023-03-23 
xinchaocdcddl.net,2023-03-23 
xinchaocdcddl.org,2023-03-23 
xinchaocdcddl.com,2023-03-23 
xinchaocdcddm.net,2023-03-23 
xinchaocdcddm.org,2023-03-23 
xinchaocdcddm.com,2023-03-23 
xinchaocdcddn.net,2023-03-23 
xinchaocdcddn.org,2023-03-23 
xinchaocdcddn.com,2023-03-23 
xinchaocdcddo.net,2023-03-23 
xinchaocdcddo.org,2023-03-23 
xinchaocdcddo.com,2023-03-23 
xinchaocdcddp.net,2023-03-23 
xinchaocdcddp.org,2023-03-23 
xinchaocdcddp.com,2023-03-23 
xinchaocecdda.net,2023-03-24 
xinchaocecdda.org,2023-03-24 
xinchaocecdda.com,2023-03-24 
xinchaocecddb.net,2023-03-24 
xinchaocecddb.org,2023-03-24 
xinchaocecddb.com,2023-03-24 
xinchaocecddc.net,2023-03-24 
xinchaocecddc.org,2023-03-24 
xinchaocecddc.com,2023-03-24 
xinchaocecddd.net,2023-03-24 
xinchaocecddd.org,2023-03-24 
xinchaocecddd.com,2023-03-24 
xinchaocecdde.net,2023-03-24 
xinchaocecdde.org,2023-03-24 
xinchaocecdde.com,2023-03-24 
xinchaocecddf.net,2023-03-24 
xinchaocecddf.org,2023-03-24 
xinchaocecddf.com,2023-03-24 
xinchaocecddg.net,2023-03-24 
xinchaocecddg.org,2023-03-24 
xinchaocecddg.com,2023-03-24 
xinchaocecddh.net,2023-03-24 
xinchaocecddh.org,2023-03-24 
xinchaocecddh.com,2023-03-24 
xinchaocecddi.net,2023-03-24 
xinchaocecddi.org,2023-03-24 
xinchaocecddi.com,2023-03-24 
xinchaocecddj.net,2023-03-24 
xinchaocecddj.org,2023-03-24 
xinchaocecddj.com,2023-03-24 
xinchaocecddk.net,2023-03-24 
xinchaocecddk.org,2023-03-24 
xinchaocecddk.com,2023-03-24 
xinchaocecddl.net,2023-03-24 
xinchaocecddl.org,2023-03-24 
xinchaocecddl.com,2023-03-24 
xinchaocecddm.net,2023-03-24 
xinchaocecddm.org,2023-03-24 
xinchaocecddm.com,2023-03-24 
xinchaocecddn.net,2023-03-24 
xinchaocecddn.org,2023-03-24 
xinchaocecddn.com,2023-03-24 
xinchaocecddo.net,2023-03-24 
xinchaocecddo.org,2023-03-24 
xinchaocecddo.com,2023-03-24 
xinchaocecddp.net,2023-03-24 
xinchaocecddp.org,2023-03-24 
xinchaocecddp.com,2023-03-24 
xinchaocfcdda.net,2023-03-25 
xinchaocfcdda.org,2023-03-25 
xinchaocfcdda.com,2023-03-25 
xinchaocfcddb.net,2023-03-25 
xinchaocfcddb.org,2023-03-25 
xinchaocfcddb.com,2023-03-25 
xinchaocfcddc.net,2023-03-25 
xinchaocfcddc.org,2023-03-25 
xinchaocfcddc.com,2023-03-25 
xinchaocfcddd.net,2023-03-25 
xinchaocfcddd.org,2023-03-25 
xinchaocfcddd.com,2023-03-25 
xinchaocfcdde.net,2023-03-25 
xinchaocfcdde.org,2023-03-25 
xinchaocfcdde.com,2023-03-25 
xinchaocfcddf.net,2023-03-25 
xinchaocfcddf.org,2023-03-25 
xinchaocfcddf.com,2023-03-25 
xinchaocfcddg.net,2023-03-25 
xinchaocfcddg.org,2023-03-25 
xinchaocfcddg.com,2023-03-25 
xinchaocfcddh.net,2023-03-25 
xinchaocfcddh.org,2023-03-25 
xinchaocfcddh.com,2023-03-25 
xinchaocfcddi.net,2023-03-25 
xinchaocfcddi.org,2023-03-25 
xinchaocfcddi.com,2023-03-25 
xinchaocfcddj.net,2023-03-25 
xinchaocfcddj.org,2023-03-25 
xinchaocfcddj.com,2023-03-25 
xinchaocfcddk.net,2023-03-25 
xinchaocfcddk.org,2023-03-25 
xinchaocfcddk.com,2023-03-25 
xinchaocfcddl.net,2023-03-25 
xinchaocfcddl.org,2023-03-25 
xinchaocfcddl.com,2023-03-25 
xinchaocfcddm.net,2023-03-25 
xinchaocfcddm.org,2023-03-25 
xinchaocfcddm.com,2023-03-25 
xinchaocfcddn.net,2023-03-25 
xinchaocfcddn.org,2023-03-25 
xinchaocfcddn.com,2023-03-25 
xinchaocfcddo.net,2023-03-25 
xinchaocfcddo.org,2023-03-25 
xinchaocfcddo.com,2023-03-25 
xinchaocfcddp.net,2023-03-25 
xinchaocfcddp.org,2023-03-25 
xinchaocfcddp.com,2023-03-25 
xinchaocgcdda.net,2023-03-26 
xinchaocgcdda.org,2023-03-26 
xinchaocgcdda.com,2023-03-26 
xinchaocgcddb.net,2023-03-26 
xinchaocgcddb.org,2023-03-26 
xinchaocgcddb.com,2023-03-26 
xinchaocgcddc.net,2023-03-26 
xinchaocgcddc.org,2023-03-26 
xinchaocgcddc.com,2023-03-26 
xinchaocgcddd.net,2023-03-26 
xinchaocgcddd.org,2023-03-26 
xinchaocgcddd.com,2023-03-26 
xinchaocgcdde.net,2023-03-26 
xinchaocgcdde.org,2023-03-26 
xinchaocgcdde.com,2023-03-26 
xinchaocgcddf.net,2023-03-26 
xinchaocgcddf.org,2023-03-26 
xinchaocgcddf.com,2023-03-26 
xinchaocgcddg.net,2023-03-26 
xinchaocgcddg.org,2023-03-26 
xinchaocgcddg.com,2023-03-26 
xinchaocgcddh.net,2023-03-26 
xinchaocgcddh.org,2023-03-26 
xinchaocgcddh.com,2023-03-26 
xinchaocgcddi.net,2023-03-26 
xinchaocgcddi.org,2023-03-26 
xinchaocgcddi.com,2023-03-26 
xinchaocgcddj.net,2023-03-26 
xinchaocgcddj.org,2023-03-26 
xinchaocgcddj.com,2023-03-26 
xinchaocgcddk.net,2023-03-26 
xinchaocgcddk.org,2023-03-26 
xinchaocgcddk.com,2023-03-26 
xinchaocgcddl.net,2023-03-26 
xinchaocgcddl.org,2023-03-26 
xinchaocgcddl.com,2023-03-26 
xinchaocgcddm.net,2023-03-26 
xinchaocgcddm.org,2023-03-26 
xinchaocgcddm.com,2023-03-26 
xinchaocgcddn.net,2023-03-26 
xinchaocgcddn.org,2023-03-26 
xinchaocgcddn.com,2023-03-26 
xinchaocgcddo.net,2023-03-26 
xinchaocgcddo.org,2023-03-26 
xinchaocgcddo.com,2023-03-26 
xinchaocgcddp.net,2023-03-26 
xinchaocgcddp.org,2023-03-26 
xinchaocgcddp.com,2023-03-26 
xinchaochcdda.net,2023-03-27 
xinchaochcdda.org,2023-03-27 
xinchaochcdda.com,2023-03-27 
xinchaochcddb.net,2023-03-27 
xinchaochcddb.org,2023-03-27 
xinchaochcddb.com,2023-03-27 
xinchaochcddc.net,2023-03-27 
xinchaochcddc.org,2023-03-27 
xinchaochcddc.com,2023-03-27 
xinchaochcddd.net,2023-03-27 
xinchaochcddd.org,2023-03-27 
xinchaochcddd.com,2023-03-27 
xinchaochcdde.net,2023-03-27 
xinchaochcdde.org,2023-03-27 
xinchaochcdde.com,2023-03-27 
xinchaochcddf.net,2023-03-27 
xinchaochcddf.org,2023-03-27 
xinchaochcddf.com,2023-03-27 
xinchaochcddg.net,2023-03-27 
xinchaochcddg.org,2023-03-27 
xinchaochcddg.com,2023-03-27 
xinchaochcddh.net,2023-03-27 
xinchaochcddh.org,2023-03-27 
xinchaochcddh.com,2023-03-27 
xinchaochcddi.net,2023-03-27 
xinchaochcddi.org,2023-03-27 
xinchaochcddi.com,2023-03-27 
xinchaochcddj.net,2023-03-27 
xinchaochcddj.org,2023-03-27 
xinchaochcddj.com,2023-03-27 
xinchaochcddk.net,2023-03-27 
xinchaochcddk.org,2023-03-27 
xinchaochcddk.com,2023-03-27 
xinchaochcddl.net,2023-03-27 
xinchaochcddl.org,2023-03-27 
xinchaochcddl.com,2023-03-27 
xinchaochcddm.net,2023-03-27 
xinchaochcddm.org,2023-03-27 
xinchaochcddm.com,2023-03-27 
xinchaochcddn.net,2023-03-27 
xinchaochcddn.org,2023-03-27 
xinchaochcddn.com,2023-03-27 
xinchaochcddo.net,2023-03-27 
xinchaochcddo.org,2023-03-27 
xinchaochcddo.com,2023-03-27 
xinchaochcddp.net,2023-03-27 
xinchaochcddp.org,2023-03-27 
xinchaochcddp.com,2023-03-27 
xinchaocicdda.net,2023-03-28 
xinchaocicdda.org,2023-03-28 
xinchaocicdda.com,2023-03-28 
xinchaocicddb.net,2023-03-28 
xinchaocicddb.org,2023-03-28 
xinchaocicddb.com,2023-03-28 
xinchaocicddc.net,2023-03-28 
xinchaocicddc.org,2023-03-28 
xinchaocicddc.com,2023-03-28 
xinchaocicddd.net,2023-03-28 
xinchaocicddd.org,2023-03-28 
xinchaocicddd.com,2023-03-28 
xinchaocicdde.net,2023-03-28 
xinchaocicdde.org,2023-03-28 
xinchaocicdde.com,2023-03-28 
xinchaocicddf.net,2023-03-28 
xinchaocicddf.org,2023-03-28 
xinchaocicddf.com,2023-03-28 
xinchaocicddg.net,2023-03-28 
xinchaocicddg.org,2023-03-28 
xinchaocicddg.com,2023-03-28 
xinchaocicddh.net,2023-03-28 
xinchaocicddh.org,2023-03-28 
xinchaocicddh.com,2023-03-28 
xinchaocicddi.net,2023-03-28 
xinchaocicddi.org,2023-03-28 
xinchaocicddi.com,2023-03-28 
xinchaocicddj.net,2023-03-28 
xinchaocicddj.org,2023-03-28 
xinchaocicddj.com,2023-03-28 
xinchaocicddk.net,2023-03-28 
xinchaocicddk.org,2023-03-28 
xinchaocicddk.com,2023-03-28 
xinchaocicddl.net,2023-03-28 
xinchaocicddl.org,2023-03-28 
xinchaocicddl.com,2023-03-28 
xinchaocicddm.net,2023-03-28 
xinchaocicddm.org,2023-03-28 
xinchaocicddm.com,2023-03-28 
xinchaocicddn.net,2023-03-28 
xinchaocicddn.org,2023-03-28 
xinchaocicddn.com,2023-03-28 
xinchaocicddo.net,2023-03-28 
xinchaocicddo.org,2023-03-28 
xinchaocicddo.com,2023-03-28 
xinchaocicddp.net,2023-03-28 
xinchaocicddp.org,2023-03-28 
xinchaocicddp.com,2023-03-28 
xinchaocjcdda.net,2023-03-29 
xinchaocjcdda.org,2023-03-29 
xinchaocjcdda.com,2023-03-29 
xinchaocjcddb.net,2023-03-29 
xinchaocjcddb.org,2023-03-29 
xinchaocjcddb.com,2023-03-29 
xinchaocjcddc.net,2023-03-29 
xinchaocjcddc.org,2023-03-29 
xinchaocjcddc.com,2023-03-29 
xinchaocjcddd.net,2023-03-29 
xinchaocjcddd.org,2023-03-29 
xinchaocjcddd.com,2023-03-29 
xinchaocjcdde.net,2023-03-29 
xinchaocjcdde.org,2023-03-29 
xinchaocjcdde.com,2023-03-29 
xinchaocjcddf.net,2023-03-29 
xinchaocjcddf.org,2023-03-29 
xinchaocjcddf.com,2023-03-29 
xinchaocjcddg.net,2023-03-29 
xinchaocjcddg.org,2023-03-29 
xinchaocjcddg.com,2023-03-29 
xinchaocjcddh.net,2023-03-29 
xinchaocjcddh.org,2023-03-29 
xinchaocjcddh.com,2023-03-29 
xinchaocjcddi.net,2023-03-29 
xinchaocjcddi.org,2023-03-29 
xinchaocjcddi.com,2023-03-29 
xinchaocjcddj.net,2023-03-29 
xinchaocjcddj.org,2023-03-29 
xinchaocjcddj.com,2023-03-29 
xinchaocjcddk.net,2023-03-29 
xinchaocjcddk.org,2023-03-29 
xinchaocjcddk.com,2023-03-29 
xinchaocjcddl.net,2023-03-29 
xinchaocjcddl.org,2023-03-29 
xinchaocjcddl.com,2023-03-29 
xinchaocjcddm.net,2023-03-29 
xinchaocjcddm.org,2023-03-29 
xinchaocjcddm.com,2023-03-29 
xinchaocjcddn.net,2023-03-29 
xinchaocjcddn.org,2023-03-29 
xinchaocjcddn.com,2023-03-29 
xinchaocjcddo.net,2023-03-29 
xinchaocjcddo.org,2023-03-29 
xinchaocjcddo.com,2023-03-29 
xinchaocjcddp.net,2023-03-29 
xinchaocjcddp.org,2023-03-29 
xinchaocjcddp.com,2023-03-29 
xinchaodacdda.net,2023-03-30 
xinchaodacdda.org,2023-03-30 
xinchaodacdda.com,2023-03-30 
xinchaodacddb.net,2023-03-30 
xinchaodacddb.org,2023-03-30 
xinchaodacddb.com,2023-03-30 
xinchaodacddc.net,2023-03-30 
xinchaodacddc.org,2023-03-30 
xinchaodacddc.com,2023-03-30 
xinchaodacddd.net,2023-03-30 
xinchaodacddd.org,2023-03-30 
xinchaodacddd.com,2023-03-30 
xinchaodacdde.net,2023-03-30 
xinchaodacdde.org,2023-03-30 
xinchaodacdde.com,2023-03-30 
xinchaodacddf.net,2023-03-30 
xinchaodacddf.org,2023-03-30 
xinchaodacddf.com,2023-03-30 
xinchaodacddg.net,2023-03-30 
xinchaodacddg.org,2023-03-30 
xinchaodacddg.com,2023-03-30 
xinchaodacddh.net,2023-03-30 
xinchaodacddh.org,2023-03-30 
xinchaodacddh.com,2023-03-30 
xinchaodacddi.net,2023-03-30 
xinchaodacddi.org,2023-03-30 
xinchaodacddi.com,2023-03-30 
xinchaodacddj.net,2023-03-30 
xinchaodacddj.org,2023-03-30 
xinchaodacddj.com,2023-03-30 
xinchaodacddk.net,2023-03-30 
xinchaodacddk.org,2023-03-30 
xinchaodacddk.com,2023-03-30 
xinchaodacddl.net,2023-03-30 
xinchaodacddl.org,2023-03-30 
xinchaodacddl.com,2023-03-30 
xinchaodacddm.net,2023-03-30 
xinchaodacddm.org,2023-03-30 
xinchaodacddm.com,2023-03-30 
xinchaodacddn.net,2023-03-30 
xinchaodacddn.org,2023-03-30 
xinchaodacddn.com,2023-03-30 
xinchaodacddo.net,2023-03-30 
xinchaodacddo.org,2023-03-30 
xinchaodacddo.com,2023-03-30 
xinchaodacddp.net,2023-03-30 
xinchaodacddp.org,2023-03-30 
xinchaodacddp.com,2023-03-30 
